id	participant.id	sample.id	associated_id	data_location	domain_category	domain_description	repository_of_synonym_id	synonym_id	type
00507265-bd0d-5417-8ee9-3edf6123fd81		ee0f8829-917c-553f-a20f-0e07cc6a9054	SAMN25345859				BioSample	SAMN25345859_BioSample	synonym
0186494a-ef2d-5554-b350-4f6445cb1e2a		2cacb2ec-d318-5a50-829c-1adf3e62d460	SAMN25345828				BioSample	SAMN25345828_BioSample	synonym
01e1f153-3571-568b-84de-e9e67495d7e2		33ad07dc-ec66-5ed0-8c63-37d2d6b0bd23	SAMN25345769				BioSample	SAMN25345769_BioSample	synonym
0265e1a6-67f7-5a95-a572-19177c3f6c77		c8bb6649-342f-57e6-96eb-70ce8424c7a9	SAMN25346035				BioSample	SAMN25346035_BioSample	synonym
0282969f-e288-504a-a181-19b63500d43e		6b88668d-44a4-58eb-b942-b29f266c2e82	SAMN25346061				BioSample	SAMN25346061_BioSample	synonym
02bc1aac-63a8-52ba-9534-2eb7d2f50894		0b79c291-35c5-597c-8684-c3162a5375e8	SAMN25346088				BioSample	SAMN25346088_BioSample	synonym
032af5d6-4fb0-5a46-9143-c67f68c5f409	41e41e76-242d-5387-8280-0cbe935fe575		3854903				dbGaP	3854903_dbGaP	synonym
03317884-2cbc-5fef-8137-22de95c6a5c6	bd5120fe-ae1c-5adf-8fce-6b5f0c9e79c9		3854840				dbGaP	3854840_dbGaP	synonym
0362f9e3-bc5a-56cf-b313-187874b6f508		64370bd9-60ee-5b79-9508-0d9beaca6180	SAMN25345885				BioSample	SAMN25345885_BioSample	synonym
04074d53-3908-52da-b89a-789f93a689d6		c513d97d-711c-5ad4-891c-1ab1353f8472	SAMN25346030				BioSample	SAMN25346030_BioSample	synonym
040a5077-53ff-5c67-b363-e8b8d6a863ba	b7ee6513-a0bb-5565-8e6d-f26e3e860067		3854806				dbGaP	3854806_dbGaP	synonym
04151dbc-94a8-5c04-99eb-0524a32c4874		3cabc50f-599e-5629-9293-a0c3b0454000	SAMN25346037				BioSample	SAMN25346037_BioSample	synonym
04b60657-265e-5401-9609-fb0f77f4b9c3		0cb5e50e-fa48-53be-9442-b8f5f15de97e	SAMN25345950				BioSample	SAMN25345950_BioSample	synonym
04ecd5b4-2bf1-5737-b6f0-ec6081cc592b	e0fd569c-6cdc-5206-ad54-be36cf62dae2		3854799				dbGaP	3854799_dbGaP	synonym
05524af3-9f6c-5a7d-800b-9f5ca385f03a		b4f1b5b3-661d-5114-a2b5-f5f7d6f0b799	SAMN25345804				BioSample	SAMN25345804_BioSample	synonym
0585fe8a-b3f1-52b9-8e7a-26187385857d	78a3d6aa-7d06-5038-b936-effbe44012ea		3854808				dbGaP	3854808_dbGaP	synonym
05a44496-104b-55c5-a570-5d7615df5461	068af847-01dc-5649-8bc7-fc61fc20a954		3854918				dbGaP	3854918_dbGaP	synonym
05d4a5aa-c781-520a-b75c-4d346e6511b6		205db186-50d2-54c7-a039-55308419e0b7	SAMN25346047				BioSample	SAMN25346047_BioSample	synonym
06262c6f-1591-5992-9109-4a539787d1fe	56bbc84d-dcf6-5f26-876c-c68dafef943c		3854780				dbGaP	3854780_dbGaP	synonym
06969f9d-cded-54d0-a293-ecd92fa50b31		1c0450d7-f279-5250-90b1-d534aed1325c	SAMN25346008				BioSample	SAMN25346008_BioSample	synonym
06ddb869-b847-5b8e-acfb-62bb1a2762ad		c7c79a9e-a270-5c0a-b286-d5692a5b8572	SAMN25345997				BioSample	SAMN25345997_BioSample	synonym
070a3282-08b1-554a-a334-a63b8070329d		25c0c770-b333-595d-92d8-0973f2c43504	SAMN25345877				BioSample	SAMN25345877_BioSample	synonym
0756b7e1-0dda-54c3-a494-0c99ade981ed	e2c4555e-c37e-5967-ad65-7231bc06a123		3854900				dbGaP	3854900_dbGaP	synonym
081d9611-f647-57cd-ae00-ee1e60658b1b		2aba03fa-f432-5501-bd5e-5aeefdae199e	SAMN25345942				BioSample	SAMN25345942_BioSample	synonym
08baedc7-734c-5938-a2e9-734cf2d06fbd	5d6581f0-4268-5045-bce8-7fc66d4c6216		3854863				dbGaP	3854863_dbGaP	synonym
08cafd1d-9577-5363-9bef-7b3092901d62	4f914735-2945-5872-aba6-8b3d4f19b372		3854885				dbGaP	3854885_dbGaP	synonym
0918ccaf-ee04-5ef5-b5ca-97890f40e2b0		a9bed686-465f-5fe0-b5c9-3c9a184625b4	SAMN25345832				BioSample	SAMN25345832_BioSample	synonym
0936b2bc-594b-5e9f-b008-779a8d6377ee	6f2f9c09-b1f4-506c-aa3b-95572dc61a9b		3854822				dbGaP	3854822_dbGaP	synonym
098e41c1-bc36-5c74-b43d-346edbd593da		73aa6051-9c60-565c-80ef-a0ee8bf9b829	SAMN25346017				BioSample	SAMN25346017_BioSample	synonym
09c33ccc-3f71-5626-b821-025c5178e5da		b1e637f9-efb1-59e4-bb73-db03cf4bd684	SAMN25345944				BioSample	SAMN25345944_BioSample	synonym
0a9a0a58-37c9-57f1-8efd-10ece3da4147		d68f5a14-60a7-5488-a3ce-2f4d3f72c63a	SAMN25346069				BioSample	SAMN25346069_BioSample	synonym
0aabe03e-bc10-5f30-9214-d12eee1094e8		ea251ae8-e35f-5f02-820c-4bf586789904	SAMN25345807				BioSample	SAMN25345807_BioSample	synonym
0b272271-7132-5c8b-b18b-4ecb98980b7d		2e4f72ec-8192-5ed3-bf79-19d331148afe	SAMN25345990				BioSample	SAMN25345990_BioSample	synonym
0ba93a79-711d-56e6-b962-ccfa6e454c9b		a7235dd4-1942-5732-b011-fcdae5e0e0ad	SAMN25345894				BioSample	SAMN25345894_BioSample	synonym
0ced65d3-3384-58b3-af8c-1ecd66daba25		9d05b187-316f-5578-aaa0-d89447206917	SAMN25345878				BioSample	SAMN25345878_BioSample	synonym
0cfbe152-b4b1-53ec-9c38-a44a1f16259a		77694f27-08f8-5f1e-96f6-790e816adbe5	SAMN25345860				BioSample	SAMN25345860_BioSample	synonym
0dff43ec-1aec-59b8-8336-d60169f5ec56	52f4a997-ed78-5cde-9649-f30a4c5de0ee		1358576				dbGaP	1358576_dbGaP	synonym
0e3aff02-4f7a-5fed-98a7-02a23c502262	3671acd6-edb1-5f91-a6da-f758edad6438		3854811				dbGaP	3854811_dbGaP	synonym
0e97e256-efb1-590f-8a64-2ef1d9d94327		1e6a1b43-925e-59b3-80e7-3b9d41a5d7e7	SAMN25345959				BioSample	SAMN25345959_BioSample	synonym
0f348b2d-3627-5b7f-a4c7-6084f1e4100a	a24d13c4-9d10-529a-9fe5-de1ad4c09014		3854768				dbGaP	3854768_dbGaP	synonym
110fcc55-9f78-5aef-9bc9-a5480c11564c		1ff708e0-0723-58fd-8538-dc3d80bb9caa	SAMN25345955				BioSample	SAMN25345955_BioSample	synonym
111187ad-625b-5a07-b12f-32cce4c865e2		70aeedd1-046b-5277-b6eb-66b6b8318a53	SAMN25345835				BioSample	SAMN25345835_BioSample	synonym
1148c373-07d1-58fb-a35c-a1b82ef1233e		589cb52d-1a1d-5bd4-bad3-204e66d51dd7	SAMN25345934				BioSample	SAMN25345934_BioSample	synonym
115b47ba-575e-5d19-8d11-3cc08c3acdbd	7a3a2e50-796d-5d30-92b7-59f879233551		1358568				dbGaP	1358568_dbGaP	synonym
11d82d1f-4108-5c71-8e9a-94c69562bfee		709e0853-82eb-5e56-ace5-b110aee412de	SAMN25345787				BioSample	SAMN25345787_BioSample	synonym
12158d14-4887-50ec-8288-85ce10bfa253	a8f02a9f-444d-5d5c-abea-05351e55eed0		3854875				dbGaP	3854875_dbGaP	synonym
13cdc286-237a-5c1b-93f5-59c88ccc0ae5		c256d70b-fb37-55a7-9127-f7a462901072	SAMN25345767				BioSample	SAMN25345767_BioSample	synonym
13f0e84e-4545-553f-8baa-0cbe881e3606		d6699eec-9829-5980-824e-64876cfbda2f	SAMN25345818				BioSample	SAMN25345818_BioSample	synonym
13f6856d-fad7-5d77-a5a4-3c2c70a70a93	2ec0c783-085f-5d38-9f33-6ea64a939566		3854791				dbGaP	3854791_dbGaP	synonym
14dba7f3-a7c3-5f89-a8a3-8abe8bb25633	17b598ad-10e1-5591-881f-6d199f9d02fb		1358584				dbGaP	1358584_dbGaP	synonym
151e2dd4-0b51-53ae-976b-116dcf1b03a2		68028ce7-5aaf-5fb0-b613-24be81cfaa02	SAMN25346080				BioSample	SAMN25346080_BioSample	synonym
158c4b79-0545-5efe-85a7-4cf8f17877b9	0ad17ca1-3831-515d-8854-f2efd7bc7c04		3854870				dbGaP	3854870_dbGaP	synonym
1597679c-3d08-57b7-ad30-4de8d8ab0776		3a7efaf5-f9b8-52d2-95de-5035585a4cca	SAMN25345771				BioSample	SAMN25345771_BioSample	synonym
15d98bf1-10ba-5a63-b1a0-26d8d48c5eca		0800661c-d2a0-593c-8a64-7256236948ee	SAMN25345937				BioSample	SAMN25345937_BioSample	synonym
15e20c8c-e90f-5fd5-be83-bd1d51377da0	2ec6afea-4c0f-5b78-bb93-87f851503823		3854797				dbGaP	3854797_dbGaP	synonym
16a506e8-1ad2-5fe6-9cb8-b794eac4b2c2		2cb9b4f0-6f5e-5461-ae60-ed8e235f3f97	SAMN25345985				BioSample	SAMN25345985_BioSample	synonym
16e0f3c6-6767-5792-b1c9-b9f028358946		0fa7adf1-43e0-52e0-ac0b-2da46c4e1208	SAMN25345890				BioSample	SAMN25345890_BioSample	synonym
182c56e8-3153-5398-8493-b531b0871108		1449897c-9395-5c3a-bfc3-915d900f06ff	SAMN25346077				BioSample	SAMN25346077_BioSample	synonym
18d88518-dcf3-54a8-a781-c0d566dd6344		8140c3e6-190f-5721-81aa-4b54e41a144e	SAMN25345970				BioSample	SAMN25345970_BioSample	synonym
1981537e-b69c-5a16-b445-0203f675cfb3		0f321376-8580-583c-b65c-1a094350fc3d	SAMN25345782				BioSample	SAMN25345782_BioSample	synonym
1aefcabb-f99d-5e42-92e7-206bfbe465b8		4e6a3420-3ca5-5322-9ceb-af41b69ba72d	SAMN25345909				BioSample	SAMN25345909_BioSample	synonym
1affa108-80cd-5f2e-9b7a-694df1b29942		d67bebcb-c1d3-53c0-8c66-66d233b18706	SAMN25345778				BioSample	SAMN25345778_BioSample	synonym
1b123493-6938-5e81-9ead-63f864fd5253		cadcf57a-0de6-562d-9ac2-33fbe27e321f	SAMN25346050				BioSample	SAMN25346050_BioSample	synonym
1b3d6006-c1e3-578c-a00f-7a876cdd9787		f3b880df-5639-551b-a8a6-c4213fe9bf5f	SAMN25346053				BioSample	SAMN25346053_BioSample	synonym
1b54d059-f27b-5c47-8cbd-ab37d0e9c234	7a113962-cb4a-54a8-8640-58346c5c7cdb		3854890				dbGaP	3854890_dbGaP	synonym
1b5a45e9-4854-556b-bb6b-4b02c4ad4aac		d618b1f5-e188-50e2-944f-f05e763e5ee8	SAMN25345817				BioSample	SAMN25345817_BioSample	synonym
1cb88c64-957e-5b92-bafe-8721ed991af6		acc26b9c-dfee-5094-8bcf-224b179a5acb	SAMN25346040				BioSample	SAMN25346040_BioSample	synonym
1cf66a54-0cb5-58d3-8b4b-af08e6ac64b6		7a0e0fb1-fdd6-51c6-9393-0ac0fc1eeca9	SAMN25345775				BioSample	SAMN25345775_BioSample	synonym
1e6d665a-60e5-5554-9509-49d71d317a75		77af3cec-4bd7-568c-acd6-4f72fd1f0bce	SAMN25345980				BioSample	SAMN25345980_BioSample	synonym
1ecfb403-fb32-55a9-81d9-92bd1ff8259a		39fb2953-e774-586c-9c44-c65a5ba259a0	SAMN25346031				BioSample	SAMN25346031_BioSample	synonym
1eff607f-15ba-56ec-b6e7-b366fd2a5905		9c55e032-ccc7-5068-a11f-2c3f8fc9feb7	SAMN25345986				BioSample	SAMN25345986_BioSample	synonym
1fea77fe-c12f-5a54-b787-1a627504ff36		ac1b9aaf-25f3-574c-8d38-bf8d3f34ebc5	SAMN25345962				BioSample	SAMN25345962_BioSample	synonym
1feb193e-0cfb-55a9-bcc6-9239d8dd7b29		e5c5e09a-37dd-520d-9499-145ed7bac808	SAMN25346005				BioSample	SAMN25346005_BioSample	synonym
20c55922-df43-51b3-a327-9f65552a8225	e57f124d-9f82-5bed-9ae6-5936c6dab65f		3854915				dbGaP	3854915_dbGaP	synonym
20d3236c-e80b-5abd-a1d4-e39643ea7b21		4209d08c-1a80-58ac-a8ce-7b98e1361056	SAMN25345981				BioSample	SAMN25345981_BioSample	synonym
212e2f12-6d73-5074-8b11-742ea7b97527		8ba0a648-9eeb-5bca-ac5b-90f7438e2644	SAMN25345938				BioSample	SAMN25345938_BioSample	synonym
217c0c97-4c18-5cd3-b7e8-7e121879d65b	274cb390-7617-5615-bfea-9e663ce9379d		3854776				dbGaP	3854776_dbGaP	synonym
2256f4b3-8987-56cf-a819-c52e169304bd		a727a9e0-a145-5d84-9141-52c10b46de2a	SAMN25345870				BioSample	SAMN25345870_BioSample	synonym
22ab2fda-be8a-5f57-a71e-f937a8fa31d4		de8202ce-b093-5ea1-ad00-2af62371598a	SAMN25345974				BioSample	SAMN25345974_BioSample	synonym
22acc600-da15-54f9-9729-b270c7a8bcf5		7948beeb-c9f4-51ac-9803-5e6c7dc582dd	SAMN25346022				BioSample	SAMN25346022_BioSample	synonym
22b85e83-3329-5dfa-bf3f-deee55e90b77	f32aa8f6-94c2-567b-b02e-3ef71db3acac		3854849				dbGaP	3854849_dbGaP	synonym
24c93360-020e-5427-8383-e3bf24d6b716		7a6d73af-8119-5fe6-bc80-2c34447e1431	SAMN25345929				BioSample	SAMN25345929_BioSample	synonym
25da55fe-7cdd-536f-928f-ed8a2eda1e42	7c7c2414-1787-5b73-9c1b-04c2431b2eea		3854830				dbGaP	3854830_dbGaP	synonym
279fb8aa-4200-539a-bcda-bafb37893022		7ebf680b-0f1a-5dc7-8326-955962da12d0	SAMN25346079				BioSample	SAMN25346079_BioSample	synonym
2884faaa-6224-51e2-8d06-82b94f2470a0		9bd6ea4d-d252-58ea-bf16-7d8d0c908013	SAMN25345895				BioSample	SAMN25345895_BioSample	synonym
289501c4-e903-575c-9533-a8312ac1cc56		6c523ab8-2744-5604-99b0-547e7718218e	SAMN25345814				BioSample	SAMN25345814_BioSample	synonym
28a05e8f-f05b-582c-a9e3-e0b8a15c5dc3		7b1e6d36-d5b7-563f-8965-31555cb39b5b	SAMN25345886				BioSample	SAMN25345886_BioSample	synonym
28fe41bd-7a44-54fe-992d-91d17696115e	8a71960e-453f-5bea-b454-7f2c9c3aa9a0		3854910				dbGaP	3854910_dbGaP	synonym
2ab676d3-a542-5805-be08-7dc6e79151c3		aff66bf3-050f-5a93-ab9b-97791597178c	SAMN25345773				BioSample	SAMN25345773_BioSample	synonym
2ae70785-73b8-5ee3-8a47-b9bcaefa4b67		93f9460e-9240-573e-aecc-c006f79759bc	SAMN25346038				BioSample	SAMN25346038_BioSample	synonym
2b98274b-b88e-5f50-a498-1f91e00bae78		645cd8b8-ce51-5cb2-90c2-5ca131a34186	SAMN25346019				BioSample	SAMN25346019_BioSample	synonym
2c7f9156-d4c8-5562-8afe-f32ca9470db1	cf430bd7-9725-5a1b-bd4f-65ec44e47ec5		3854818				dbGaP	3854818_dbGaP	synonym
2df9a1f1-abaa-51f6-8af4-ae221007cdf5	01607aea-27fc-54ae-abf4-8ed9674b43e2		3854917				dbGaP	3854917_dbGaP	synonym
302748ce-8357-519e-8cf5-8cbd93654d6f		f2739b5e-acc8-544e-af8a-38fddc318e71	SAMN25346073				BioSample	SAMN25346073_BioSample	synonym
30ce99ca-0733-5804-a494-09b3cde79e64		3b032145-46b5-5605-b8a7-ca88e8874a76	SAMN25346023				BioSample	SAMN25346023_BioSample	synonym
310ef57c-94fa-5cbe-b12e-e9899af3a7db		59aa07e6-c5c2-5517-b4e5-510071d1e3ed	SAMN25346092				BioSample	SAMN25346092_BioSample	synonym
31522151-3aed-5960-a3e4-41e132ebed68	891e4718-79fa-5f2c-bb98-d2f5919a5c5b		3854912				dbGaP	3854912_dbGaP	synonym
317c4e66-89e3-5653-9e62-16539ebe6dfb		31b4c6c9-0ad3-57e3-adfc-49a143305610	SAMN25345843				BioSample	SAMN25345843_BioSample	synonym
31c02a14-e59b-5ec1-8996-05d303f647f2		7d0d0c80-45ae-5ee4-84c5-3aff3b8dfeac	SAMN25345795				BioSample	SAMN25345795_BioSample	synonym
32184d55-89ef-5281-a1b1-6171332592a8		7c006c9e-91bb-552d-bbc7-5b32af95f228	SAMN25345838				BioSample	SAMN25345838_BioSample	synonym
32c4151d-a956-5ee2-8793-eab576749fad	f101cef4-c0d3-572e-9eba-0d8ad8113146		3854846				dbGaP	3854846_dbGaP	synonym
32e2d616-d86a-5e3a-9f1a-8e3a55b7517b		6f727e59-7701-587c-a541-44d3bb61afdf	SAMN25345888				BioSample	SAMN25345888_BioSample	synonym
32fa6316-844c-5438-a739-db9cdd2ede9a		3971fc73-5506-57ea-9f9e-4e0f31582b64	SAMN25345783				BioSample	SAMN25345783_BioSample	synonym
339e9ba8-dcee-5da3-907d-be3d1fd79c8f	cc8198a5-5333-5cf4-8e9a-3aec99636ef7		3854807				dbGaP	3854807_dbGaP	synonym
33aa3531-5b50-5c09-8be6-16618efdfea5		3293ba51-76e9-58e5-899c-a1298b4de9a6	SAMN25345910				BioSample	SAMN25345910_BioSample	synonym
341652fe-c643-5a5f-9871-7bdad151ee0c		81aa0f47-f57e-54f9-8e65-39b086ef508b	SAMN25346039				BioSample	SAMN25346039_BioSample	synonym
343618e5-b792-55eb-8902-86c122c06788		6881ec47-f44e-5feb-ba6a-3a06b4a9802c	SAMN25345857				BioSample	SAMN25345857_BioSample	synonym
343e464e-1d60-5d42-b82b-8a787224a992	b352695f-ba93-5471-b95c-9d07a2d9f145		3854877				dbGaP	3854877_dbGaP	synonym
34480a15-941f-571d-91e8-d23ce738afdb	1007a976-d748-56fa-94dc-b708e49decb7		3854823				dbGaP	3854823_dbGaP	synonym
344a1df4-16ea-511a-9824-5dc81ddcef87	6a50d1a4-459f-58c1-b4be-f8d7c0a1a8eb		3854852				dbGaP	3854852_dbGaP	synonym
349d21dd-ef21-5d49-aa3d-28f344b251b5		7da9bfb9-26d2-5b30-bd68-22bb30f57669	SAMN25345844				BioSample	SAMN25345844_BioSample	synonym
355747ed-735a-565c-adae-6acef8af07e7	896323ca-5536-5109-9e3f-d323ca13ef9a		3854911				dbGaP	3854911_dbGaP	synonym
35bcc8ee-7e40-587c-b6f4-05c41026f6f6	2e446fda-0480-5895-9a4f-3a8b189bd2a8		3854923				dbGaP	3854923_dbGaP	synonym
35f6d964-eff9-56a6-93ee-602f626c813f	2742a72e-29b9-584b-82af-8185955033e6		3854796				dbGaP	3854796_dbGaP	synonym
35fdf588-daee-5630-95b9-b75e11030b33	87efbeaa-ac8c-5249-98be-41b52dbf24c0		3854832				dbGaP	3854832_dbGaP	synonym
372b9e35-6415-5db2-a5e3-73e83e9be377		6f4e6466-cfcf-55cc-b468-9349fd44a84c	SAMN25346033				BioSample	SAMN25346033_BioSample	synonym
3786cabf-484e-5a5b-a281-f5510bba7523		6052c6b7-cd2f-5f99-990d-e5ada17b4af4	SAMN25345796				BioSample	SAMN25345796_BioSample	synonym
3813a442-d949-5e5d-8d71-6c1f14c35f79	98450489-c570-56dd-a782-de9b22348a03		3854793				dbGaP	3854793_dbGaP	synonym
3903154c-8895-561a-b5ef-d6ba527bbf4d		3f41cd33-56e9-5a67-8dd0-a385033ed23b	SAMN25346070				BioSample	SAMN25346070_BioSample	synonym
3ae6eb28-e9af-5f2d-95d4-6179dc605dfd	ac99dd34-d3a1-5fc0-8dd2-b7c6097582a3		3854889				dbGaP	3854889_dbGaP	synonym
3b1740d8-f900-5586-b735-d8baf093b651		024e9cad-8617-5ddb-82c8-50f30ea07fa7	SAMN25345983				BioSample	SAMN25345983_BioSample	synonym
3bdbc36a-26a3-5024-ad15-c11e07f34a8e		870e2b9d-093a-5dd3-9db9-8dd652f0fbe0	SAMN25345820				BioSample	SAMN25345820_BioSample	synonym
3bdd417e-3422-5ca5-bcdf-995eec271f86	61dfb0be-cd29-5c89-9942-d14b9abda877		3854876				dbGaP	3854876_dbGaP	synonym
3cce22af-fff6-570c-b219-8f68eed874fb	96f7417a-1822-5dcd-84cf-a193e6f0c4d1		3854919				dbGaP	3854919_dbGaP	synonym
3ee855c2-45d4-5635-bfd9-f75be47cfd32	ddc5e663-b263-5a68-9a96-8bf3aea22dd9		3854867				dbGaP	3854867_dbGaP	synonym
4002b63d-07f1-538b-bc45-2ca6740f84bb		2da7b5eb-9f82-5163-b57d-b13d29374246	SAMN25345777				BioSample	SAMN25345777_BioSample	synonym
402ba01d-d785-52ff-a5e1-5f0573319f30	3479126b-0001-5bf1-9db1-d9bc8dcc9805		3854848				dbGaP	3854848_dbGaP	synonym
412c4979-b402-5b3d-a87b-b5c822c06600		5f0d31b0-db15-5a4f-bbaa-e93098df0030	SAMN25345872				BioSample	SAMN25345872_BioSample	synonym
41c66983-32c6-5095-be3d-574d71525040		ea6775c8-1542-5cd4-836d-17a3a582cb4d	SAMN25345993				BioSample	SAMN25345993_BioSample	synonym
41d67e8e-37a7-5ec7-8741-3c5994d5f726		5288b296-d770-512e-bf59-9c12d43da8ac	SAMN25346065				BioSample	SAMN25346065_BioSample	synonym
41de424e-16f3-5544-858e-0d72a13c4475		521d64cd-9c79-5a21-a719-de1026638b8d	SAMN25345935				BioSample	SAMN25345935_BioSample	synonym
41fcd11a-10c1-5931-8d72-65b8bb3a83b3	e3497557-66d7-5f4d-8183-9b3e6c42fa73		3854879				dbGaP	3854879_dbGaP	synonym
426095af-4e9f-5167-b874-7810dab8c39c	2968fc5a-3c65-5d78-946e-a7ba142c5597		3854881				dbGaP	3854881_dbGaP	synonym
426cd928-0523-51ce-b32a-2f9a9bb35603		ea15046a-287b-50cf-83ba-522d7cf86e25	SAMN25345949				BioSample	SAMN25345949_BioSample	synonym
4283f1c5-10aa-506c-8a84-3b7f0aaf7dba		c515a3d8-22e0-5ccd-9b1a-f73804d8ac18	SAMN25345902				BioSample	SAMN25345902_BioSample	synonym
4287aa76-9968-5922-ad46-7578ee1f81b8		5bdcf149-0814-5269-afea-35ab1f934c9d	SAMN25345889				BioSample	SAMN25345889_BioSample	synonym
45154aad-20d5-5d66-b4e1-4d60455dac74		18924308-9742-5a1e-a345-bfe9ace7cfea	SAMN25346041				BioSample	SAMN25346041_BioSample	synonym
454c3526-fcbd-5eb8-a724-7d9b803759a9		b59e9fc0-e8fe-5172-8b16-dd0b90fbb5ab	SAMN25345780				BioSample	SAMN25345780_BioSample	synonym
45e6d7a2-4636-54fe-a036-ff2c5341c967	8a7fb477-3e2f-5a52-b10d-c9a0717eaa81		3854909				dbGaP	3854909_dbGaP	synonym
460a39e3-6c4c-5345-812f-45d4c3bc17e3		d10a9a24-0dcb-5ae6-b719-a0c85100d2a1	SAMN25346034				BioSample	SAMN25346034_BioSample	synonym
46611820-0f8f-5ab5-93f0-ed48232596e5	86976db9-c4c2-53a5-84d5-a9b0eb64b088		3854859				dbGaP	3854859_dbGaP	synonym
467b77b3-df8b-59d0-81b8-340784d1aedc		117407ad-6033-5bfb-9e08-436ac65d9693	SAMN25345815				BioSample	SAMN25345815_BioSample	synonym
46bb1ab7-89c1-5ea3-8a53-33412332b47d	9f5bd085-014a-5a1d-b2aa-69297d0234d9		3854773				dbGaP	3854773_dbGaP	synonym
46c03738-7e8c-5ae3-93d6-11f41ca51707		0b93f706-ac48-57d4-a303-890416be44f6	SAMN25345810				BioSample	SAMN25345810_BioSample	synonym
46e135e0-e479-565e-aa0a-682a8c66f5b9		87789364-d7b4-59e4-840e-884200f065bf	SAMN25345801				BioSample	SAMN25345801_BioSample	synonym
46f03e22-edd4-5ff9-aa42-cd1e4006a621		c0872470-8d0c-5a47-8e51-0498f5e34c26	SAMN25345932				BioSample	SAMN25345932_BioSample	synonym
474cd423-6163-5ddd-835e-d9d90294fbb0		5667de93-6cfa-58b9-945c-9413b7df310f	SAMN25345988				BioSample	SAMN25345988_BioSample	synonym
479ae266-d42d-58a5-a65f-6f18c4936215		d200fa8d-9244-5ef0-89ce-6dd92df03704	SAMN25345774				BioSample	SAMN25345774_BioSample	synonym
47ade278-569f-55e2-a173-d040ec6ab3c6	5f820985-b9ce-5ba2-a82d-9baaed35d5a5		1358581				dbGaP	1358581_dbGaP	synonym
47b9cacf-0b1d-5cbb-8e7a-6479f4b51db6		b1af5abd-4dbd-5e05-8587-ec56d81e665e	SAMN25345964				BioSample	SAMN25345964_BioSample	synonym
483c47e8-bbf7-5fec-9ceb-754fc9bf72ea		7a26d06b-62cc-5641-9a38-5743d817a73c	SAMN25345853				BioSample	SAMN25345853_BioSample	synonym
4869cbe2-46cc-5f29-838c-bbfccfb8a304	6cc0d6cf-b446-5451-881d-d8919f5a46ac		3854855				dbGaP	3854855_dbGaP	synonym
492e1d1e-cfc7-540c-8e5f-8be8b514354d		18f438d0-1755-5eac-b7a6-802ee63e52f2	SAMN25345798				BioSample	SAMN25345798_BioSample	synonym
49a0542c-21c9-552d-9660-fa22291bf9d6	e8e8d4d7-43e8-54b6-8778-9c7b8bc772f5		3854897				dbGaP	3854897_dbGaP	synonym
4ade5af1-a9a9-53cc-b015-eaee1ee01756	3bceff6c-c864-536c-8f69-e2dacab3aea8		3854902				dbGaP	3854902_dbGaP	synonym
4b52d29b-3eb3-592d-8f59-ca4c9b6d7265	33f76fae-ca0c-5055-bf65-d430b0538a09		3854769				dbGaP	3854769_dbGaP	synonym
4b78edd0-75e4-536b-83c8-4ea70e4d1cc4		29093836-80ec-5474-8836-61a4345c87c3	SAMN25346018				BioSample	SAMN25346018_BioSample	synonym
4bc0feb6-3d87-50d9-9faa-02ee18d67ea2		0f1e91a4-cf4a-5132-b336-ebaece3e76c3	SAMN25345900				BioSample	SAMN25345900_BioSample	synonym
4c43649f-b699-505e-b856-b9460b3393de		f3840949-88e0-5e70-ae1f-f5ace3a80a7f	SAMN25345976				BioSample	SAMN25345976_BioSample	synonym
4c4ec0b0-67a1-580e-a813-871f549ad6ad	254e72d5-ff7c-53ac-81db-b4157fe1e050		3854778				dbGaP	3854778_dbGaP	synonym
4d15a06b-5a73-540a-b2fe-453fb998040e	a1d3ea75-d7e7-5ea5-abfd-186ebb246801		3854883				dbGaP	3854883_dbGaP	synonym
4d39e0e8-eab3-56ec-9a9a-69ef0551f656	42f8284f-5f78-5aff-8d73-a245f567fcac		3854886				dbGaP	3854886_dbGaP	synonym
4ded4a12-3264-5665-9f49-29fb3d00902f		add2d0c0-c6c8-5b12-8478-e66f162f57b8	SAMN25345906				BioSample	SAMN25345906_BioSample	synonym
4e5e7cc2-a0a5-5b15-8113-2ea565fa822a		348f9442-f673-5d9a-bc90-7b192935d3f2	SAMN25345813				BioSample	SAMN25345813_BioSample	synonym
4eea6c53-735a-5899-8eed-be4f07ce3db0		ee69fe0f-4e1f-51a4-a4b0-e38338a217ef	SAMN25345861				BioSample	SAMN25345861_BioSample	synonym
5056e46f-6109-5fe9-95a9-7c0357ce8a4b		1803a44d-85d2-57be-ba9d-11f901318d84	SAMN25346066				BioSample	SAMN25346066_BioSample	synonym
50a05a4b-4062-50f8-b09c-6129876f3671		73e27600-af57-5b7b-8630-b475148509b9	SAMN25345904				BioSample	SAMN25345904_BioSample	synonym
516433dc-16f0-519d-bae0-f4f9f2ef9664	813be93c-3dab-5f22-9197-ab7c6a04c174		3854904				dbGaP	3854904_dbGaP	synonym
51f00dea-7b3b-5a8e-b0c4-10c26ba2f2d1		b5c977d0-190e-5e4d-b74d-bdb0e3c84e95	SAMN25345899				BioSample	SAMN25345899_BioSample	synonym
52c5da65-3fb7-5448-920a-5b6d5d5da8e3		aac249e6-727f-5109-92bf-ce1ceba34685	SAMN25346086				BioSample	SAMN25346086_BioSample	synonym
531f4210-a516-5780-b62e-8f8cedd80945		539256b1-d083-56a1-a4de-69159cca7a76	SAMN25345840				BioSample	SAMN25345840_BioSample	synonym
537d6071-bb01-571b-ae11-6451e9e9d38b		52b3f8d1-6c9c-5dbe-8078-7b95bd40964b	SAMN25345945				BioSample	SAMN25345945_BioSample	synonym
542382c1-cdf8-5618-8211-abadf925eda8		f25656eb-5195-5dd0-9256-80f2825e715b	SAMN25345884				BioSample	SAMN25345884_BioSample	synonym
54410e4f-d88d-5106-bfff-9fb4e9a19958		f0991515-6a3e-5322-a42c-f5e55079a062	SAMN25346015				BioSample	SAMN25346015_BioSample	synonym
5591ccc1-6f8b-5906-ad7a-378f7b90f7e5		d52884e3-3e8e-5d48-8e50-1b7cc0c92897	SAMN25345961				BioSample	SAMN25345961_BioSample	synonym
55a59592-e7fb-5ad7-b355-7768f568c168		3c2bd439-3bc9-56b8-b65c-811ccf95721d	SAMN25345957				BioSample	SAMN25345957_BioSample	synonym
563c3e28-f16a-5be4-9b1a-b78021f5dfaf	d1e89437-add9-50cd-9a21-b4bd39f9726c		3854812				dbGaP	3854812_dbGaP	synonym
56c4cc03-126e-58a2-8e82-e173b32795d9		a1c3b1a3-e62f-5552-b6b1-c69b070c5267	SAMN25346068				BioSample	SAMN25346068_BioSample	synonym
574bea4d-73e5-5b8f-b43b-569f04fba78b		3b6ce0c8-2cd2-5ff5-974d-0286a6884743	SAMN25345911				BioSample	SAMN25345911_BioSample	synonym
576aeb4a-86f3-5af2-9234-e525287c66d7	bcbffa8f-b304-5d92-9f18-6e0929255be8		3854865				dbGaP	3854865_dbGaP	synonym
57974284-528c-54fb-aa11-07431e80df4a	a347676d-5f67-5587-a53a-01e40d3c4eb9		3854841				dbGaP	3854841_dbGaP	synonym
587f8d4a-beff-5838-89c6-65d74913297a		35352320-fba8-5013-8017-ae7bedd6a2d7	SAMN25346014				BioSample	SAMN25346014_BioSample	synonym
5894e204-fea3-5b07-8a5a-e27b7524306e		db7092d2-bc97-52a1-850d-51400dd76b5a	SAMN25346090				BioSample	SAMN25346090_BioSample	synonym
58969c41-aa5b-5c79-b81a-6bcd0da88905		c40877f3-7103-5c08-aa54-927a54ebef5f	SAMN25345891				BioSample	SAMN25345891_BioSample	synonym
58d6545b-9702-5959-afa7-dbe40aaaea04		64a297e7-11f0-544f-9461-1b07bb78cac9	SAMN25345827				BioSample	SAMN25345827_BioSample	synonym
599bd82e-927a-5b5e-bbb6-8c2c8da7bdc3	f7a702a1-47e8-5b38-9f4d-67bcfaf3181e		3854893				dbGaP	3854893_dbGaP	synonym
59f00ea2-d572-5898-8ef7-3fc208b559c8	cf8cef9f-754c-5f75-a621-ea8b75ceb73f		3854777				dbGaP	3854777_dbGaP	synonym
5af38d5e-b5cf-5745-945e-67660ae1ef84	f1264565-682f-5db4-94c2-250b291d4600		3854810				dbGaP	3854810_dbGaP	synonym
5b6abdd4-7946-5087-bf9a-e4bab9944457		8f1c5943-4c3c-5fe4-b5cd-c3f76106471c	SAMN25345865				BioSample	SAMN25345865_BioSample	synonym
5b717112-d3f8-5e3e-8375-010f1e1eee98		1c324cb5-54d8-5592-8379-fcfb49e9fba9	SAMN25346058				BioSample	SAMN25346058_BioSample	synonym
5baa8f3d-cb3f-532b-9719-43a84781745d		22de1d24-3883-5e40-9909-bf0384312de3	SAMN25345821				BioSample	SAMN25345821_BioSample	synonym
5c847f2a-7e22-56c9-bb53-6ac0551eb8f7		687f098c-8bbf-5f6a-961d-b3340c1940d7	SAMN25346076				BioSample	SAMN25346076_BioSample	synonym
5c954428-3e12-555b-90d6-0993d429fdfa	3c9f177c-86bc-523b-bba1-1271b63e1cc5		3854766				dbGaP	3854766_dbGaP	synonym
5cefbb65-7bcd-5330-93a2-a033899880c6	8506883a-e8c6-57bd-a030-6f479d77f3e6		3854898				dbGaP	3854898_dbGaP	synonym
5d68f088-03c1-58be-a8fe-1e062eb81ca6		f834b512-9ef6-5795-a9a7-790324353d7a	SAMN25345953				BioSample	SAMN25345953_BioSample	synonym
5dd0d38f-0eea-566a-adb8-a4ecc1107a94		25ec3b6e-df95-51ef-9959-87ca9a53d42a	SAMN25345965				BioSample	SAMN25345965_BioSample	synonym
5e29f2b5-0b85-568d-a906-2b0ce99c2d2e		917d2f18-b047-5839-be42-63c0a82a7c59	SAMN25345978				BioSample	SAMN25345978_BioSample	synonym
5e2b6e53-b3a6-53b1-89fb-991f60e9ce96		b7776046-bb93-5547-9d2b-be731e149703	SAMN25345791				BioSample	SAMN25345791_BioSample	synonym
5e490f54-6ebc-56c2-9524-ee6691dc5382	1ae841b8-eba2-5b7b-aef5-5f3d3ba8c027		3854820				dbGaP	3854820_dbGaP	synonym
5f352810-15c5-5222-9b24-2616d6066909		213e8dc9-c244-5a79-a913-3078916822b3	SAMN25345918				BioSample	SAMN25345918_BioSample	synonym
5f68d2a2-4ad8-50cb-8e02-ca80a1ba099f		62951d42-640b-561b-8617-8ce874fd0f17	SAMN25345803				BioSample	SAMN25345803_BioSample	synonym
60411cbc-84e0-560c-949a-b02a27ff600e	6799574b-e143-5543-be44-cead26d4a2ff		3854853				dbGaP	3854853_dbGaP	synonym
6100e801-5144-55b8-9b56-02e4f2fb9263	1dcb6444-60dd-5eb3-8fa6-884e07ff63f6		3854804				dbGaP	3854804_dbGaP	synonym
61261213-5383-5612-a2e2-5e79fcf51693		61e02754-d446-5352-9d62-3c66017f0aa0	SAMN25346004				BioSample	SAMN25346004_BioSample	synonym
6143b2cc-2a1d-595f-b43b-beec616c2867		c10a4f49-245f-56b3-afde-d442dbf77b9a	SAMN25345781				BioSample	SAMN25345781_BioSample	synonym
621532d7-fb3a-54be-9a67-84f9e3417d11		1a32e4be-856d-595a-9dc5-761e21e59da2	SAMN25346067				BioSample	SAMN25346067_BioSample	synonym
63c62f43-b10d-5b5a-8a13-2c509783335e		d09589ef-622a-535a-9326-24d122313f8f	SAMN25345836				BioSample	SAMN25345836_BioSample	synonym
63d6f138-2729-58b5-8943-4e7b6b76a523	c46e8676-786a-5c74-94fa-24d33860fb38		3854878				dbGaP	3854878_dbGaP	synonym
64e2f0ee-736d-5d5b-ac32-15bcd77650cd		bd25006e-a446-5103-91d1-9b4e62d12f6d	SAMN25345921				BioSample	SAMN25345921_BioSample	synonym
668f3d48-b4f0-58aa-8af4-12e8fd5d71cf	ab2f60fd-8715-58b1-8ae7-ebcb0d36702c		3854906				dbGaP	3854906_dbGaP	synonym
66975090-2104-5158-9eac-eef55163937c	a808d387-0820-59ca-a1ab-96d0d2d2894d		3854894				dbGaP	3854894_dbGaP	synonym
66d3a0cb-8b1d-5378-bffb-c3e3b077f5c1	c709018e-8d11-50d9-a0f7-17a2fe3bf73d		1358566				dbGaP	1358566_dbGaP	synonym
66f2275f-3fd1-5744-a3bc-003c90040dc8	407acfee-f1be-5a40-912d-478cd4270009		3854784				dbGaP	3854784_dbGaP	synonym
67ccf979-34fc-5c6f-98c7-29059798ad06	089cfa92-b867-5585-942b-eeeaf63dabb9		3854779				dbGaP	3854779_dbGaP	synonym
67fb3b98-c8f5-536d-aec7-27d993b14be1		fd6c9211-415a-5f02-8515-2eccb62e4b22	SAMN25345834				BioSample	SAMN25345834_BioSample	synonym
688365ee-a914-5b90-b312-1523256a15c3		0b6bf803-cc64-51ef-bbef-35afb36b4707	SAMN25345968				BioSample	SAMN25345968_BioSample	synonym
6951538d-ee33-5ead-b952-0b1f30ee22ac		1ac1dc15-e6b6-5a96-9dd0-02dc35502f49	SAMN25345939				BioSample	SAMN25345939_BioSample	synonym
69568935-f961-51c2-bd95-7af81536ef36		3f9b1287-efc4-5889-a5ec-9afd24b3c56a	SAMN25345898				BioSample	SAMN25345898_BioSample	synonym
69db10b0-f693-574b-9b05-17f26c69555f	7c45fd05-747d-575d-ac60-4b0022879ae0		3854790				dbGaP	3854790_dbGaP	synonym
6b6519da-5822-599d-91cc-ef9fafb11f1b		5c476e57-172f-5122-aad0-af79b2f05259	SAMN25346002				BioSample	SAMN25346002_BioSample	synonym
6bc55568-5566-5a01-8806-494cac8fe505		30ea3420-1d33-5a22-8eed-7d618fae92f1	SAMN25346001				BioSample	SAMN25346001_BioSample	synonym
6bdead1e-f742-5c1c-ac86-cad769320c0a	1acd7ece-3d81-52f3-93dd-ecf8f529a6cd		3854862				dbGaP	3854862_dbGaP	synonym
6d58d531-fabd-561f-a6c9-3f32a8b49514	03671908-dec5-53e2-9a0c-2a4f56708420		3854814				dbGaP	3854814_dbGaP	synonym
6dc22891-ed25-5406-af14-248f4a73cad4	5b570c4e-23ef-549a-b426-df55e2d67f94		3854826				dbGaP	3854826_dbGaP	synonym
6f0340b5-b03a-5890-aa60-fbcb600bda87		4be5a948-9bff-559c-8f2f-fba133d264fb	SAMN25345863				BioSample	SAMN25345863_BioSample	synonym
6f3a99f0-92e9-5aee-baec-f1b293cff005		4f81f63f-7ef4-5ae3-9ce8-e26b9c94498e	SAMN25345998				BioSample	SAMN25345998_BioSample	synonym
6ff43925-ca40-5974-9278-c2c23994c9bf	4077c07e-d644-5250-b953-45daf4dc8704		3854816				dbGaP	3854816_dbGaP	synonym
70051091-7f5f-5d00-ac9b-87a6f332ec69	9db1cb15-e6e3-5521-b73b-36ad6d19b3a6		3854895				dbGaP	3854895_dbGaP	synonym
70c4d693-de0a-5a2d-8035-cb9ec4845c32		8dacfeeb-4d21-5c86-b35c-38c48025b024	SAMN25345768				BioSample	SAMN25345768_BioSample	synonym
71bd9eeb-7770-54f6-857a-44d31ce8a8f5	a0a81cdd-bb7c-5629-a86d-e22a7f3809a8		3854834				dbGaP	3854834_dbGaP	synonym
724000c3-9a13-55e3-b726-4b18972aefd8		2cca36f6-9f31-5c6a-90eb-b79d5ae24c98	SAMN25346064				BioSample	SAMN25346064_BioSample	synonym
727cc90f-d637-5576-b750-73132e4aa2be		7556e779-6563-5955-9399-dd19244b9e84	SAMN25345825				BioSample	SAMN25345825_BioSample	synonym
73c3e6ee-0528-5f7e-b469-0f9193682ab0		76ed8559-df98-5329-ae3a-3610e68f9d82	SAMN25345995				BioSample	SAMN25345995_BioSample	synonym
73d427f7-53a7-52a9-892a-482549a0891b	f83961fb-fc0c-5254-81c6-746edcd2bb8c		1358564				dbGaP	1358564_dbGaP	synonym
74229f23-9312-5fbe-a1eb-b58c2c2d4779		134918db-de83-5e85-b331-1d5adde85722	SAMN25345982				BioSample	SAMN25345982_BioSample	synonym
749c510b-2ae7-55e1-a5bb-0750628c55ef		1dd381a9-c9c7-5547-84d6-9496784de594	SAMN25345914				BioSample	SAMN25345914_BioSample	synonym
74af1ae2-1cd7-5e30-9221-947d407239bb	957ee6dd-3468-5244-a476-b4641db3f6a9		3854824				dbGaP	3854824_dbGaP	synonym
75a278da-3f4c-5035-9bb1-46cfb03bd9dd	2dfc46f5-b539-5355-b36e-9aaafcdf83fa		3854809				dbGaP	3854809_dbGaP	synonym
75bc0dba-6421-54c5-937b-63835b4c86e1		617e15dd-b76e-5a81-856d-cdc24edfdd33	SAMN25345919				BioSample	SAMN25345919_BioSample	synonym
75dcb826-cfcc-5f80-939f-5443094469f5		f2258e58-1303-5e22-b347-0d36b939548f	SAMN25345869				BioSample	SAMN25345869_BioSample	synonym
75f3640c-ce90-52e8-9fe5-2f424690140a		3deafb7f-dd84-5657-baf4-f5cae4fdf87c	SAMN25345848				BioSample	SAMN25345848_BioSample	synonym
760828a6-98fb-5f9c-b9e5-fe7103ecacad		d668e460-5b33-5e4b-b0ac-6a5e26a6283b	SAMN25345808				BioSample	SAMN25345808_BioSample	synonym
7754be13-e872-5f48-bea8-c963f7698dae	a1dd4828-094e-5ba8-bc5c-5e7141c24b29		3854805				dbGaP	3854805_dbGaP	synonym
77e0cebd-b173-514f-903f-d8b69d99b99b		46c7320d-f5fb-5a86-967c-438a6a8515a6	SAMN25346025				BioSample	SAMN25346025_BioSample	synonym
784738fb-ac27-53f4-907d-580e47514943		a1c3b1a3-e62f-5552-b6b1-c69b070c5267	SAMN25345871				BioSample	SAMN25345871_BioSample	synonym
78c87410-afcc-575d-996a-562d9c38537c	eeffa887-e991-572f-937a-15aa8499e891		3854858				dbGaP	3854858_dbGaP	synonym
7a041d63-59f1-5845-815d-256499387983		7672b2ad-592f-532d-9b33-18dace5dc2f6	SAMN25345923				BioSample	SAMN25345923_BioSample	synonym
7b7a3df6-8ff9-51fc-9f16-d641ad566b78		5d58bbbe-a5eb-521d-9736-a31e6a980db4	SAMN25345826				BioSample	SAMN25345826_BioSample	synonym
7b86333b-8316-51da-898a-a32c6b036f7c	001c4f6b-729c-504c-b96a-568a3054b8b6		3854839				dbGaP	3854839_dbGaP	synonym
7bdc75e8-17e6-54a6-beac-ebfc4c112b6c	98c610f8-b03c-51f2-b126-da1549f5d7a2		3854850				dbGaP	3854850_dbGaP	synonym
7cb535d1-e2f3-5915-bd24-511d41a8d1ea		1e7d564a-0eb7-5400-a10a-379b67f31ad8	SAMN25346091				BioSample	SAMN25346091_BioSample	synonym
7d225934-ff3f-5ae0-b7fa-f0076c36b3e3		d820ac2f-8230-5a54-9bad-72f78f0e5d5e	SAMN25345770				BioSample	SAMN25345770_BioSample	synonym
7d64b641-1191-583e-87df-58ce3f1db1d4	b5ecc567-a68c-5a86-9d1a-60b02d43910d		3854781				dbGaP	3854781_dbGaP	synonym
7d837fbb-808a-5bb3-bb14-85ebbf607a36	5d742ee1-702c-54d9-bab5-d4256a657394		3854896				dbGaP	3854896_dbGaP	synonym
7e560e89-91b4-5ef6-806f-f61b71b625c2	22703a47-2077-5003-89de-1ee1d4e8d8fe		3854914				dbGaP	3854914_dbGaP	synonym
7ea66f6c-db47-5ef4-ae87-56ad70c469dd	23a0cfdf-aa74-5a6a-b8ff-b7fe134791dd		3854892				dbGaP	3854892_dbGaP	synonym
80ff4a6b-03cc-5e24-834d-ff63a0ee86fd	851d65e2-0139-5481-8d3a-e730d96f96c0		3854925				dbGaP	3854925_dbGaP	synonym
815c3a03-8e5b-5f59-920a-95b15e4f3cd2		c887fd35-2abb-5c0b-9003-6d35605e9607	SAMN25345920				BioSample	SAMN25345920_BioSample	synonym
8175b611-6ea3-5d62-8d5d-a75c7620be55	07dfc42f-ccee-59bf-82f3-a60174d15e70		3854803				dbGaP	3854803_dbGaP	synonym
819ce52a-29a4-5222-a877-0d3a589f99a6		67a60e69-a7d1-58d4-88d7-df5bb8c1de16	SAMN25345811				BioSample	SAMN25345811_BioSample	synonym
8226676d-5a4a-5d89-9129-22d0c6fb878c	31ee4d2d-0da7-59e4-bdc3-18ce2e8cc382		3854845				dbGaP	3854845_dbGaP	synonym
82297bec-1614-589f-a03e-b18400ca9923		22838579-dc9e-5c84-a945-b858c0f21ce5	SAMN25346045				BioSample	SAMN25346045_BioSample	synonym
83969e90-e5ce-5345-b949-6a310f02fcf9	22548964-02bf-55dd-8ea7-9dd62eb6aa66		3854843				dbGaP	3854843_dbGaP	synonym
839f793c-ebc7-5fae-bb94-3cfbb3a10d2d	5e68334e-2592-5768-8429-dd4f547afb94		1358563				dbGaP	1358563_dbGaP	synonym
83f6b57c-f436-5f8c-90b4-95976ba52c25	16999589-037d-5431-8def-f8aae739d3aa		1358559				dbGaP	1358559_dbGaP	synonym
844c955f-4a4d-5623-b88b-dc8585aea0f7		e4827424-d7cf-5e55-b803-83911947725a	SAMN25345816				BioSample	SAMN25345816_BioSample	synonym
851872bf-2676-5191-9b36-babf9ea334bc	11bb6d24-bf87-5a38-8956-2a0620f50357		3854847				dbGaP	3854847_dbGaP	synonym
8524c3fd-cc7f-5ffa-b1f2-8e15fc2868a1		0ee19ff8-78a3-5284-955d-daeee6227984	SAMN25346060				BioSample	SAMN25346060_BioSample	synonym
853aa7b2-8cd9-5fe6-956b-3661896d19ba		fc41efd8-7d0a-5dad-bd94-e95dddc535d7	SAMN25345973				BioSample	SAMN25345973_BioSample	synonym
861fcc97-b666-5132-af9f-60cba5d7932d	075e1c54-03ab-5dbd-ab77-9a52537006aa		3854786				dbGaP	3854786_dbGaP	synonym
8719f782-9075-5bd3-b089-26473fd47f74		16a01a31-c5a1-5a54-af1f-bfe9b150063a	SAMN25346003				BioSample	SAMN25346003_BioSample	synonym
88230566-ab66-5ab3-aeae-01951d7bbe69		ac0426da-8399-53a5-8b51-8e80212a59e7	SAMN25346042				BioSample	SAMN25346042_BioSample	synonym
8850d9f4-4ca8-550d-bf13-2c9f497f46d3	23fd5750-a839-52c3-b894-43e9aff3a502		3854854				dbGaP	3854854_dbGaP	synonym
8885513e-44a5-5e65-9b0d-bdcbc23b084d		054799c4-1d5d-5003-be04-f2b9ca2ce1a4	SAMN25345784				BioSample	SAMN25345784_BioSample	synonym
89216d4f-ecda-5917-ad02-ef51444b6b02		bd25006e-a446-5103-91d1-9b4e62d12f6d	SAMN25345897				BioSample	SAMN25345897_BioSample	synonym
8abd537c-42e1-5f6b-9326-2a9f9ac4d8df		a4b595e3-5936-57fc-8678-0ac4100e99e3	SAMN25345917				BioSample	SAMN25345917_BioSample	synonym
8aef86a1-c402-5c72-b77d-4e2ac4c4d6f1		06725ed8-1e95-503a-a661-d29d03d05f97	SAMN25346009				BioSample	SAMN25346009_BioSample	synonym
8cbc4b2c-7770-5220-8e78-8e891a094c33		d3c32b86-8f87-5472-a158-696a5da88d4b	SAMN25345954				BioSample	SAMN25345954_BioSample	synonym
8cd534ec-c1a9-50fa-9699-c49d4020ed27		bfe91eb1-e6b7-53b7-b082-c2979dd79439	SAMN25345956				BioSample	SAMN25345956_BioSample	synonym
8ce734f3-adc4-545d-b1e2-7a83129f88d5	9acf053c-2f16-5f4c-9cad-8553fb1867be		3854833				dbGaP	3854833_dbGaP	synonym
8d96759e-3082-5603-a9eb-52879cb6a9f6	8df84343-e867-5d15-9a66-a21d1e1c8da2		3854871				dbGaP	3854871_dbGaP	synonym
8dcb63fe-7b17-51c1-b189-5c64fdd7ecad	db2f58d7-a018-5937-b382-632b60835df3		3854792				dbGaP	3854792_dbGaP	synonym
8de44c62-1632-5376-ae8e-1590027f3634		1a1934ab-852a-5179-b575-23764dae0f68	SAMN25346072				BioSample	SAMN25346072_BioSample	synonym
8dfdf987-1fff-51ec-9c5d-31f8402651d6		006c7717-ba4f-5b04-a1dd-ec1c025be94f	SAMN25345941				BioSample	SAMN25345941_BioSample	synonym
8e15f66b-3a60-5f52-9cec-f274c84bd757	08420c34-de4c-57c9-9a18-6d7bf8f08f52		3854828				dbGaP	3854828_dbGaP	synonym
8e6244ce-871f-5f75-bd1d-d0b5fce9d7b9		1129ea16-bf0e-52b9-9220-dc68001345e2	SAMN25345948				BioSample	SAMN25345948_BioSample	synonym
8e866878-5a6b-5481-9382-ba61a6967cd6	9606f5dc-e89b-5557-8070-5bc2e690a062		1358573				dbGaP	1358573_dbGaP	synonym
8e9e98fb-be05-58bf-956e-b93c73f11dd1		4140fd1c-dc95-586c-9b53-820066cec23a	SAMN25345887				BioSample	SAMN25345887_BioSample	synonym
8f4d32d3-503e-5fd0-b61d-d463af4006b2	0667f7b3-2a37-58c5-a4b9-a0b02c0b1aff		1358577				dbGaP	1358577_dbGaP	synonym
8fc04377-3218-5a5c-876e-ecde2d90a55c	7a9912f1-ec0a-5434-a0eb-416d6f0731c5		1358580				dbGaP	1358580_dbGaP	synonym
905af124-20f8-5457-a5fa-cb1f4b7df99f		f2d0d12c-341c-5108-b335-acdfccb9ed73	SAMN25345799				BioSample	SAMN25345799_BioSample	synonym
90f0ade6-a126-592d-bada-8a933e6e04f2	30e788b7-fea3-5bee-b1d3-0516e93f0c75		3854924				dbGaP	3854924_dbGaP	synonym
91ac6691-a8e7-57dc-96be-85a65342bb97		a686dc0f-50ff-5102-9b1e-582a906e0553	SAMN25345960				BioSample	SAMN25345960_BioSample	synonym
91bef833-09c9-57fc-9446-6280b5ec6ebe	3a0284d5-e651-5575-abdb-4fa627f2125f		3854794				dbGaP	3854794_dbGaP	synonym
928bee11-76dd-5afa-92f1-771b263d48f1	48139ce0-f8ab-51a5-b62e-06fe934a135e		1358560				dbGaP	1358560_dbGaP	synonym
9312f9e3-081f-5916-bc4a-8ad0294a7b7f		b5289e54-d364-5c11-931c-1e0868a9bbff	SAMN25345903				BioSample	SAMN25345903_BioSample	synonym
931e108d-3172-5fb8-960b-c02a58f1dcf2	8bcb25f4-7124-5412-9b28-cbc38beb5d20		3854795				dbGaP	3854795_dbGaP	synonym
945e5bd5-2ca3-5707-b344-6f437dbd9634		fab913e4-c61b-5b22-af3c-6787b9506260	SAMN25345966				BioSample	SAMN25345966_BioSample	synonym
956c2cb4-6f61-50aa-a43d-f397e32c64c9		d9d87aa4-1bad-5c53-94f0-511c9a55efad	SAMN25345924				BioSample	SAMN25345924_BioSample	synonym
95ad9f5e-44b7-52ae-8ce5-f3573c382163	e6ea9c1d-f116-5f1c-bb4c-b8a9b9109fcb		3854831				dbGaP	3854831_dbGaP	synonym
96bfd13e-f649-54a0-a4b6-358bf21f115a		cdb57b45-e905-56b2-9bc5-4679bc5a5678	SAMN25346093				BioSample	SAMN25346093_BioSample	synonym
9700c902-59bf-5602-9272-0a51973edf49		e0aeccea-a786-54a0-9fe9-7cecba67eee0	SAMN25345958				BioSample	SAMN25345958_BioSample	synonym
9716cc8f-46ed-5a13-a987-d804ddc1d885		4b1d3c36-a532-5a7e-b879-787fd64b29e4	SAMN25346027				BioSample	SAMN25346027_BioSample	synonym
9873e2ed-b3de-5bc7-95ba-9c2106f340bf	280a8929-70fa-595f-a536-bd4d64b7e745		3854813				dbGaP	3854813_dbGaP	synonym
98b170a6-80d9-5340-b5d1-20ccd0e4ad26	3d7000a3-fb44-5765-929a-628e016a68a4		3854767				dbGaP	3854767_dbGaP	synonym
999e221a-0ec9-588d-a409-7f8b7f32ff48		aff5f945-ce7d-5cca-9505-f22d3670a738	SAMN25345824				BioSample	SAMN25345824_BioSample	synonym
99b2d122-9dd0-5396-8cb7-c0426dc4ac2c		fbb1d95e-1f30-57d6-ae43-f9f37faf48ff	SAMN25345931				BioSample	SAMN25345931_BioSample	synonym
9b00599a-603e-5c05-a287-99ca673e4a5e	da79d7b7-67a7-5dea-a24e-229bdf22bba3		3854819				dbGaP	3854819_dbGaP	synonym
9b190760-4507-524a-b989-0bbd98a0aba3		1e214883-2063-5db2-a065-f88aa2a3bf8d	SAMN25346011				BioSample	SAMN25346011_BioSample	synonym
9b917543-5eda-58fc-b0bf-de8e4552ace5		5b0420af-8fa5-5ce1-9bcc-c7eb75115916	SAMN25345930				BioSample	SAMN25345930_BioSample	synonym
9c3075b7-1278-5e78-a75c-6a2f832349c9	61b6cc19-4ab8-5ac7-a850-6934079ec97c		3854887				dbGaP	3854887_dbGaP	synonym
9e00ffa0-51db-5cc0-b730-a85a44ae24bb		4f0e2753-5a60-590b-bc66-c4b48bc4d2c9	SAMN25345908				BioSample	SAMN25345908_BioSample	synonym
9e0c81c1-3cf6-5fb8-ab8d-e8d691dea503		dab8f28b-abe6-5263-95e8-6610c8762a4d	SAMN25346062				BioSample	SAMN25346062_BioSample	synonym
9f281b62-6d07-5645-b1fc-4c932f9310bb		c2250494-a6fb-5fd6-9b16-b9919d5e6af3	SAMN25346049				BioSample	SAMN25346049_BioSample	synonym
9f2cebfc-3c84-54ad-a6de-802f069c40fc	b384adf6-3b6d-57c1-a105-8b8e46a2b2e3		3854771				dbGaP	3854771_dbGaP	synonym
9fa36372-1ff5-5015-a1fb-d10bd9e79ff1		14dd10ca-7293-598f-b22c-2dd85070fad0	SAMN25345802				BioSample	SAMN25345802_BioSample	synonym
a1710bd8-b617-5302-8a13-a7f932d0b77f	24876fa9-9aa7-57e3-9349-dcd7b7c8187e		3854783				dbGaP	3854783_dbGaP	synonym
a58db938-5cf0-580b-9227-a4b31d3d733c		0fee1033-1d01-5509-bcf6-fdd87cbcd997	SAMN25345864				BioSample	SAMN25345864_BioSample	synonym
a5e8d236-25ee-531f-b8e0-f35ac2a092bb		042c9e15-8447-503f-9b5d-ffff5097dbea	SAMN25346013				BioSample	SAMN25346013_BioSample	synonym
a62acb62-628f-55df-a5be-16dcad127353		c4e551d8-1a7f-5148-9e0e-0401a180a462	SAMN25345901				BioSample	SAMN25345901_BioSample	synonym
a63b8483-8d1b-57aa-b95c-d3004b4ac948		1d60aebe-e7eb-5fe5-81ed-c4ad30f4b58d	SAMN25345892				BioSample	SAMN25345892_BioSample	synonym
a6464f74-01a1-5061-99b4-cf0f4c6b1ced		5eb44600-3781-5c2d-a505-99b091e6442b	SAMN25345912				BioSample	SAMN25345912_BioSample	synonym
a72801f1-aefa-5fbe-a8ac-dceb2e6187ae	053c2f7f-22a0-5e8b-87cc-94c55551cace		3854801				dbGaP	3854801_dbGaP	synonym
a9d9ff0f-d73a-50eb-8a9d-78fccbe5debd	368542dc-16e2-5573-b76e-ffc944439031		3854873				dbGaP	3854873_dbGaP	synonym
aa8976ae-d8f7-592b-ad47-7903469f90e7		e3ce6dce-2ca4-5e0b-bfcc-8d82470b738c	SAMN25346089				BioSample	SAMN25346089_BioSample	synonym
aa901739-c8b6-592a-81a1-c9fc541dba2c		0b77a15a-fe10-5ea0-b7a6-0a9c4cb8f026	SAMN25345996				BioSample	SAMN25345996_BioSample	synonym
ab080bb1-6fd1-53ac-8d37-467dabff10a0		e9fef096-2d9a-5ca1-a655-efa3d863db18	SAMN25345867				BioSample	SAMN25345867_BioSample	synonym
ab8b9e4f-7391-5004-9953-5b8636fe612a		2e9df1e6-dfc2-52e1-a9bf-8b90db2a5d51	SAMN25345830				BioSample	SAMN25345830_BioSample	synonym
ac3b8def-eed2-5d21-b126-79f75b9e4817		28d00b90-3676-5cdc-84a2-ade4aa654651	SAMN25345805				BioSample	SAMN25345805_BioSample	synonym
ac55ec51-8771-56a2-8f6f-fe9be040c070		e694aee8-84de-5f17-8c73-a71b3b974f6a	SAMN25346055				BioSample	SAMN25346055_BioSample	synonym
ac58c0fc-f17f-5ad7-8bcf-f77e35f73986	ca95d9fa-615c-5620-abbb-be13b990268a		3854782				dbGaP	3854782_dbGaP	synonym
ac86a490-ecf2-5f63-9d9b-4115824d8466		7e21e7e5-b29b-5d0a-887b-c77879578f80	SAMN25345915				BioSample	SAMN25345915_BioSample	synonym
acc732ea-d4e7-5110-83ed-ea41b1d74234		71b77f47-30d6-58f9-a495-fc956c38f315	SAMN25346000				BioSample	SAMN25346000_BioSample	synonym
ae021a0a-b413-5197-a8cb-8f14f95f141f		9fb5a36c-26e6-51d8-b9db-0147781cc378	SAMN25345839				BioSample	SAMN25345839_BioSample	synonym
ae1b61ea-0e94-577c-b02c-224791cb8167		93179673-93ee-5906-9f40-405b95541f14	SAMN25345994				BioSample	SAMN25345994_BioSample	synonym
ae35bf3c-c25d-596c-8b40-6633ba188e46		1108265a-9f5d-5368-afa4-cafd000e2657	SAMN25346007				BioSample	SAMN25346007_BioSample	synonym
ae3b6560-9f07-5c70-aea0-df5ab3e4c4b1	9cddcda8-b73e-5fb0-8888-47ddafe3f37e		1358575				dbGaP	1358575_dbGaP	synonym
ae4a6484-ba3b-55e6-8fbd-cf0253cfee37	6af8e094-ced6-5fa4-be52-81ab2b75f751		3854880				dbGaP	3854880_dbGaP	synonym
ae892c52-fef3-5457-bbad-b83d1667e678		e9060c69-551d-5684-aeaa-cbf212bc06db	SAMN25345837				BioSample	SAMN25345837_BioSample	synonym
ae9fc8fc-e027-57c8-a4bf-f6b9e52dcf78		16058efb-6464-5213-ac27-b60beefb2149	SAMN25345989				BioSample	SAMN25345989_BioSample	synonym
af2c0c13-99a3-5bcf-b14a-c14c5ab5f1ee	9f1f4342-32ab-5826-a452-781ed098227f		3854788				dbGaP	3854788_dbGaP	synonym
af41d385-6d85-5772-b871-b57c3fc34c8b	9073ee1b-ddbd-5d26-9185-04b4812a0ca2		3854798				dbGaP	3854798_dbGaP	synonym
af75827a-7079-5661-801a-6121cf3fef7e	51634bbe-10f8-52ef-a5b9-fc7d136eabf3		3854800				dbGaP	3854800_dbGaP	synonym
af9ffe0c-87c6-5bf6-86cf-8d924376fe97	2f3fc835-008c-529b-a223-3b9fc7c2602e		3854884				dbGaP	3854884_dbGaP	synonym
b032ea43-c1ad-57ec-9301-1d3a141385ee	4a954717-c205-553e-ac9a-0d9814d5f132		1358561				dbGaP	1358561_dbGaP	synonym
b03fa8e1-3cb5-5b64-9293-ca1961baecbe		6e3d7965-c372-5542-99ce-2d1bb2f3976b	SAMN25345946				BioSample	SAMN25345946_BioSample	synonym
b0a1eddd-7fe8-5d5e-911c-b1c1bff00f22	1957a3a9-4a71-5aa8-8dd7-a6f7b06f3086		1358583				dbGaP	1358583_dbGaP	synonym
b2d922ab-1780-5049-9359-9029e2e3d99a	ee50481e-34fb-5710-99f5-81e21b1b7062		3854922				dbGaP	3854922_dbGaP	synonym
b34c013b-ecc2-5cd6-82ff-79dd9719be7e	357e8ec8-514d-5524-b19d-8413b23fa95e		1358562				dbGaP	1358562_dbGaP	synonym
b380964e-588e-5bf6-9334-98a773e30e1e		5924af6b-6f0d-5d15-bd57-c44dea30fc3d	SAMN25346006				BioSample	SAMN25346006_BioSample	synonym
b3dcd9aa-f1e2-5a88-a66a-b5cf9c64b580	81c5c283-9432-518f-9ada-1ce8670884e7		3854772				dbGaP	3854772_dbGaP	synonym
b3e398fa-7a92-5b06-a659-f2ad7226a9b1		acec18eb-d626-5d8d-ac4b-adaac37f369b	SAMN25346032				BioSample	SAMN25346032_BioSample	synonym
b4a316f8-c551-525c-956d-cbfbf52ddab9		e493cc25-24ca-5929-a321-7180d272fb43	SAMN25345967				BioSample	SAMN25345967_BioSample	synonym
b5d1edc8-b231-568e-ad3a-1c6d29985c99		cb27092a-6258-59f4-be34-660548d57dfc	SAMN25345772				BioSample	SAMN25345772_BioSample	synonym
b5d6a942-9a2c-5bac-af46-4c90a9351c9c		6c163708-7b91-5ca8-9a08-9f5b383c1f16	SAMN25345969				BioSample	SAMN25345969_BioSample	synonym
b6cbc41d-0463-5a3e-bade-35d1a4bcd133		f25bad22-09c6-5617-94f0-3255bd28930f	SAMN25346020				BioSample	SAMN25346020_BioSample	synonym
b6f662e2-3aba-5718-9201-d2efaf9c414c		2bb0ede6-04cd-5ec6-bc47-90930fe4af72	SAMN25345896				BioSample	SAMN25345896_BioSample	synonym
b7b09082-2b13-5a21-b1ba-1e09e76abe53	a1f297ba-6611-5030-a13f-cd971795cd2f		3854864				dbGaP	3854864_dbGaP	synonym
b92abef5-54a8-5cee-8619-9e06ce902c3d	40361cf0-fe85-5062-8f22-5ac3b1eda87e		3854905				dbGaP	3854905_dbGaP	synonym
b936e554-9b1b-5254-9a66-4b487cf3d30d		cb579124-2a85-5125-af01-5d66eb46ace4	SAMN25345846				BioSample	SAMN25345846_BioSample	synonym
b99fe18f-d7d0-5159-beb0-4c4fae4b3b05	55a93117-0315-504f-a50e-6516f555666c		1358579				dbGaP	1358579_dbGaP	synonym
b9bef1ef-6210-507c-a319-23a017c5ce8f	4c18213d-4517-5d95-8adf-3f82fd68ba2d		3854868				dbGaP	3854868_dbGaP	synonym
b9cf011b-f2a7-59e5-8a81-2f3b91e23057		53f0536a-cca3-5346-a627-f18beda9a28a	SAMN25346046				BioSample	SAMN25346046_BioSample	synonym
b9dddd5e-da34-5820-a5e6-6d705861b0f5		a24baae4-48ff-56a0-baab-0964f325b6ad	SAMN25345881				BioSample	SAMN25345881_BioSample	synonym
ba00b74c-e6c3-54cc-9cf7-2cd7bb4f656c		c7006ce9-74e3-5759-962c-48aed22b09c4	SAMN25345847				BioSample	SAMN25345847_BioSample	synonym
ba35b5f9-c33f-5747-8256-f66b42a06dfc	c0d30056-0143-5ff5-9790-d87812dc302a		3854815				dbGaP	3854815_dbGaP	synonym
ba4e6eb0-657b-50bd-80e5-e428ec9aaf4a		c8bb6649-342f-57e6-96eb-70ce8424c7a9	SAMN25345927				BioSample	SAMN25345927_BioSample	synonym
bb5bb1df-2897-5bac-bc5e-64b2b2fb6ccb		288f2cd7-3bc1-568d-b575-d8af104632b6	SAMN25345913				BioSample	SAMN25345913_BioSample	synonym
bbbad9cf-cf9a-540e-99a4-da8745b5ecf5	a6c44b86-27e2-5a4b-b41c-671e989823ee		3854851				dbGaP	3854851_dbGaP	synonym
bc5c6175-a83c-54fa-8881-193d8c32ac1e		0ea903ab-335b-52e5-a59b-b2f69572c369	SAMN25345823				BioSample	SAMN25345823_BioSample	synonym
bc6287db-5fce-51be-bd57-9ba221bc4568	ac79a1fe-f16d-5796-9cab-11a700532be8		1358582				dbGaP	1358582_dbGaP	synonym
bc66c03a-fc73-5230-a814-e2848c37e6a3	bf67ba9f-0d35-5f60-b628-9aa1e6993bcc		1358567				dbGaP	1358567_dbGaP	synonym
bc8f9dd4-3300-5eaf-b2c6-bf7c6f91415e		29890d47-3610-584c-a2b0-3d08f8093434	SAMN25346057				BioSample	SAMN25346057_BioSample	synonym
bd33773d-412a-5126-9c77-2ecd31e59ef1		92db38cb-1275-5655-a5d8-ab06bb2e8aac	SAMN25345916				BioSample	SAMN25345916_BioSample	synonym
bd3d6681-ea99-5edf-97c3-837bb9701384		88444658-162c-5ac3-9adc-d39336e3fd21	SAMN25345991				BioSample	SAMN25345991_BioSample	synonym
bd4d3009-8b42-5cba-91cb-a43e87b071fa	67099944-4a69-51e4-abd4-e1ee8606f09a		3854888				dbGaP	3854888_dbGaP	synonym
bea33f68-548a-5122-9ae3-d5def8d9e930	1e34e670-3277-54f3-945d-7b85ab109876		3854860				dbGaP	3854860_dbGaP	synonym
beabe492-3b82-5710-8335-2e03de83bf48		d8b45b9b-8e4d-5746-b531-b8cb6c8caf6a	SAMN25346083				BioSample	SAMN25346083_BioSample	synonym
bfa52778-014f-50bb-9c32-c8033c23fe69		227e5af5-9527-5423-8568-f982dbd443a2	SAMN25345933				BioSample	SAMN25345933_BioSample	synonym
c023bed2-8044-5bc1-a2a4-e594fbb96ebb		bfb0845d-c989-5afc-962d-882cf509045f	SAMN25346082				BioSample	SAMN25346082_BioSample	synonym
c047372c-48b4-56d3-aca8-1f46f38a7cae	fe347ba0-1606-5a97-b32c-2ddc7858df0b		1358569				dbGaP	1358569_dbGaP	synonym
c05f0c4c-f18e-5d9e-a9ad-0632a31b9fad		41bebbc9-4f25-54d6-b0df-d1a4be8417d0	SAMN25345800				BioSample	SAMN25345800_BioSample	synonym
c0c5bfe4-66eb-58e0-b568-6e694328005c		55e9fddd-6a60-5085-8c36-7e85d7eb4dac	SAMN25346010				BioSample	SAMN25346010_BioSample	synonym
c1aacf12-f0b3-5035-9ab1-41463ee0bf0c		75bfc85a-c803-5fe6-a90f-8fd08fb22d47	SAMN25345822				BioSample	SAMN25345822_BioSample	synonym
c1b6af92-763d-5495-8793-29b216968604		78c3e446-74ac-5eeb-8c57-a71bda58f5bf	SAMN25345849				BioSample	SAMN25345849_BioSample	synonym
c264ad1e-0ac7-5d41-aa1d-076593e4c041	6fb7a481-5e4f-5d60-9e0b-b56bd22f3d37		3854827				dbGaP	3854827_dbGaP	synonym
c28ada51-c573-5ff5-9eb0-0ca5221b7931	365defe9-0aeb-5cc6-b0ca-a730c819e681		1358571				dbGaP	1358571_dbGaP	synonym
c2a26761-8508-5277-a590-aafe9ccad3df	8375eab4-949c-5615-9cb6-e5915f525946		3854869				dbGaP	3854869_dbGaP	synonym
c2d84adf-e204-520d-af17-c6882f991530	cc1fb47f-9602-500b-8a77-f290ad036b8c		1358578				dbGaP	1358578_dbGaP	synonym
c311b922-c6cd-5225-b2e3-c8517ee38f12	a9c06489-17ca-5524-a9c8-5cdd9e14eb8f		3854837				dbGaP	3854837_dbGaP	synonym
c3f89060-2d6a-5012-be76-b87d5fad6d88	e163f50c-ee2f-5c85-a6c6-55770b7f6d21		3854856				dbGaP	3854856_dbGaP	synonym
c5190d93-874b-56db-900b-243a91e1b499		d3760db7-b927-5aca-8d3a-69a635046e98	SAMN25345928				BioSample	SAMN25345928_BioSample	synonym
c5ee959c-986e-5f9b-a1de-0e6bb5538289	68a68bd6-da11-59c1-998b-dc03f2d525e5		3854920				dbGaP	3854920_dbGaP	synonym
c5f97ec5-43c2-575b-8bf4-e286b1c629bc		df382cf9-bacf-54d9-8b0c-9b4735528577	SAMN25345831				BioSample	SAMN25345831_BioSample	synonym
c669173f-65a8-560b-b985-9df193df2215	782ae4a3-829a-537d-8942-b1df84b7639c		3854899				dbGaP	3854899_dbGaP	synonym
c680c55b-917d-5253-8234-c9327337e9b1	734edbba-821b-52eb-9949-1b9cdc56b40a		3854874				dbGaP	3854874_dbGaP	synonym
c709fcf1-a8fc-5609-b738-6fa6f0cf67cb		0519c7bd-78d1-592a-bdd2-01ff33743945	SAMN25346087				BioSample	SAMN25346087_BioSample	synonym
c80a92db-227e-5de4-8f32-c6e13662dd4f		b1be7c08-49e0-558c-8c25-2058ac441c90	SAMN25345874				BioSample	SAMN25345874_BioSample	synonym
c9025f9c-975b-56b6-bbcb-c8708bfa53cd	b90c9678-7872-5d29-8146-1619190fd970		3854825				dbGaP	3854825_dbGaP	synonym
c9cef27c-cee5-527b-afbb-3f402534b4e0		d04b9826-ea33-5f6a-8c68-75c32dd71c58	SAMN25346059				BioSample	SAMN25346059_BioSample	synonym
c9d05681-c1b5-52cc-bfee-d610f8a1eabc		eafc7f13-0817-522b-9819-a1cc15861f96	SAMN25345866				BioSample	SAMN25345866_BioSample	synonym
ca8c963f-397a-5e5a-ac99-3c29c0de03c5		b51b48f9-d230-5ac2-9ead-5ecf10dc0b40	SAMN25345940				BioSample	SAMN25345940_BioSample	synonym
caa5564f-a0b5-5fd9-bac2-4c4679e96588		5057f3fc-8397-5060-9598-ce549b39b4c4	SAMN25345875				BioSample	SAMN25345875_BioSample	synonym
cb62c8fb-92f9-527c-91ad-301077c81e65	cf1fd862-332c-58b2-b934-59eaf9769db3		3854908				dbGaP	3854908_dbGaP	synonym
cba0affe-0957-5156-884f-f7f2fa44e1c6		4a72d174-0e3c-5c29-a098-04be6f1196a8	SAMN25346054				BioSample	SAMN25346054_BioSample	synonym
cbf599a6-da57-51e8-b17f-622662fb6b2f		9f752243-0bf9-5602-8e82-133a28625cb1	SAMN25346028				BioSample	SAMN25346028_BioSample	synonym
ccd6d061-c859-5af1-9ef9-12512242b26b	7aa85136-5ed0-5b46-ba4c-a58dd03c9689		3854774				dbGaP	3854774_dbGaP	synonym
cd6a668c-8981-553d-a89e-7b65c427295a	f770c984-6b87-5139-a892-cf9b61b4dc60		3854916				dbGaP	3854916_dbGaP	synonym
cd7608c1-949c-50f9-8116-893c97128f1c		4a43e088-2457-5fc8-9d8e-4871c8ff83fc	SAMN25346094				BioSample	SAMN25346094_BioSample	synonym
cd8057e0-4542-50b2-bf4e-a44c676a21a9		f8ce154b-fd8d-57fc-90b2-8483289af715	SAMN25345829				BioSample	SAMN25345829_BioSample	synonym
cdbf27a8-3fb4-5222-8694-1cb3563d7ed8		c7a78833-55cb-574f-be1a-3bf1fcd29d77	SAMN25345790				BioSample	SAMN25345790_BioSample	synonym
cde72247-88a5-5191-8e03-2bb3f24352ee		af7cdca4-8d0a-5b0f-b489-b24a38952b3a	SAMN25346084				BioSample	SAMN25346084_BioSample	synonym
ce413585-49b6-52d8-9bf7-33c9d1990f56	80c670cb-a7fa-551f-8458-fa7975d512db		3854844				dbGaP	3854844_dbGaP	synonym
cea47834-0ae3-5181-8736-b40d7af0e8ec		cbd5ba35-2f0b-50d1-8ace-bd60bf5d37a6	SAMN25346024				BioSample	SAMN25346024_BioSample	synonym
ced3fecd-2cca-5cf4-83ca-320ebf0a84d6	dba4a2f1-7020-53f3-9953-5d726a3a1dac		3854901				dbGaP	3854901_dbGaP	synonym
cf31f9fd-7311-537d-9bca-e599499fe46f		1b5e0ba1-4522-5ef5-a658-ee9616ee59e7	SAMN25346052				BioSample	SAMN25346052_BioSample	synonym
cf93deb1-db05-5f03-b56d-c9ec2bdaa5ed	6e6bb943-7714-5947-848d-faef39437b37		3854842				dbGaP	3854842_dbGaP	synonym
cfa8db76-aad5-5de5-a926-56efffe03ccc		e0216e50-7148-5fb1-b8e4-d28afb8af1e6	SAMN25345925				BioSample	SAMN25345925_BioSample	synonym
d060f9b8-0764-533d-8129-457cf427893e		3a601cdd-f1df-569b-abb8-83933a6b9cb2	SAMN25345779				BioSample	SAMN25345779_BioSample	synonym
d0f0ab83-ff1f-5cce-8d45-7e8cdd2f9699		9a4e4c43-f336-5a6d-a3ba-c4ac23cc7a9e	SAMN25345975				BioSample	SAMN25345975_BioSample	synonym
d11f462b-bdf7-57bd-9674-31d9b0beffd7	ee27945b-f1e9-5d49-9291-73d95e89f77b		3854765				dbGaP	3854765_dbGaP	synonym
d125e0e5-af4c-56b9-a2a5-dcba84557f10	28ee4004-336d-52bf-b832-493c0a971232		3854785				dbGaP	3854785_dbGaP	synonym
d1452d23-6417-5a87-a062-05d5a5335da9		b88ab773-1ddf-5871-9515-0b9d0fcaa32b	SAMN25345952				BioSample	SAMN25345952_BioSample	synonym
d4039b60-f011-5bf2-a61d-5ed95ddbf8c0	5e5d1956-b9bb-5536-a5bc-292b5252f199		1358570				dbGaP	1358570_dbGaP	synonym
d40b7034-3c3e-50ca-9737-5b94e2b789f5		94612add-e5b9-564d-bdef-1b518cbf465f	SAMN25345951				BioSample	SAMN25345951_BioSample	synonym
d4c7e2bf-a781-597b-900e-f13758628950		45b90a30-5560-5c47-8fca-3503aa274cf8	SAMN25345845				BioSample	SAMN25345845_BioSample	synonym
d59f09bb-2489-534e-b3fd-7be3627ee39a	00a744e8-4ffc-586f-9250-43b956d261bc		3854838				dbGaP	3854838_dbGaP	synonym
d5aade58-b111-5587-92a3-eb6bb74c9934		79fa93af-c976-564c-a74f-e81b19a9c5ec	SAMN25345806				BioSample	SAMN25345806_BioSample	synonym
d626617a-81a7-5a4f-a776-d78993f8cad9		c62b02d2-6cee-5ff9-bb50-a9277a056255	SAMN25345947				BioSample	SAMN25345947_BioSample	synonym
d6d4a630-2f28-5603-9fb6-37827ce639db		4d219634-03b9-5d12-96a1-b6e2839b06f8	SAMN25345855				BioSample	SAMN25345855_BioSample	synonym
d6fcfc7e-af45-57f9-8b49-0ad0edcb51e4		8937d51d-14ea-5d1d-8bd6-770fae383d96	SAMN25346071				BioSample	SAMN25346071_BioSample	synonym
d7f56e54-c95c-50d8-a955-daac2f8186dc		9cd514d6-908c-5cce-b77c-481e02297427	SAMN25345785				BioSample	SAMN25345785_BioSample	synonym
d8eb4bed-b8e1-56f0-896e-ca80990cf681		e838adf0-ae95-546f-ae2c-a0adb649872f	SAMN25345786				BioSample	SAMN25345786_BioSample	synonym
d97c100a-1416-598f-a67c-2f9c7f919679	2d99c4db-eac8-5d92-8c08-6cafb24ac617		3854913				dbGaP	3854913_dbGaP	synonym
da1b6ab8-1364-5b71-8991-9c22945c0329	e292fd14-ba3f-5c1d-8bc9-25aa4b0ccdc5		3854802				dbGaP	3854802_dbGaP	synonym
dafb6554-bae4-513c-b349-940a6e769b13		d436bbfb-04f4-5fce-8907-2db643b74d61	SAMN25345999				BioSample	SAMN25345999_BioSample	synonym
db094542-a8fe-59b2-a94c-6b4f2ba0f120		1ce61cf2-9157-5d00-a41e-46b2afdb84f7	SAMN25346026				BioSample	SAMN25346026_BioSample	synonym
db459c2f-1f6f-5369-9afe-6e788a546dc4		ccf6c479-86e1-54a1-8a62-f72a108e83e1	SAMN25345833				BioSample	SAMN25345833_BioSample	synonym
db6e78a1-a1ba-5586-abc4-5df95abc237d		489adbb1-a036-57f5-85ff-b11cce8649e6	SAMN25345841				BioSample	SAMN25345841_BioSample	synonym
dba26b88-f320-55c2-988b-b613cb451586		88465f22-bd28-58d0-90ed-e521138ecc4d	SAMN25345972				BioSample	SAMN25345972_BioSample	synonym
dcbf9307-c02c-5a55-8f5c-7da62e701fc1		fbdb7f79-2f6a-5e33-ac14-7a234b6b0bb9	SAMN25345793				BioSample	SAMN25345793_BioSample	synonym
dd95cad7-a9e9-5e57-82a5-1f0f410e700d	b33e33d8-c5b3-5af4-9844-7d18943daf89		3854882				dbGaP	3854882_dbGaP	synonym
ddabe937-396c-5af4-8c61-2521567560e9		161af2ba-5fab-5ead-bc4f-fb555fbe1fec	SAMN25345776				BioSample	SAMN25345776_BioSample	synonym
ddad06b1-003c-5959-9d6b-50793dafdd94	7233cdfa-ccf9-5928-a654-10a3f3674742		1358572				dbGaP	1358572_dbGaP	synonym
ddb7d536-c6c9-504b-84c4-9ec997462558		0b95c8ad-2d19-527a-8ea7-4b85e55b4395	SAMN25345852				BioSample	SAMN25345852_BioSample	synonym
df3710aa-dfaa-5bd7-b0f9-6e81f96a31a3		3ea61eb5-0cd5-5860-bb46-8001069a4e82	SAMN25345868				BioSample	SAMN25345868_BioSample	synonym
dff6c357-a842-5147-86a3-f8906c3e7213		8053dc9b-0e04-5508-bf8c-d0b75e94fcd7	SAMN25346078				BioSample	SAMN25346078_BioSample	synonym
e01484f2-0953-5272-9a7b-d540cf82516d	b6d43291-0ff4-5916-83a5-b55a23d09c41		3854770				dbGaP	3854770_dbGaP	synonym
e014cd91-9711-5804-a89e-2781e2c6e635		6735810b-ceed-5cf7-a78e-8ef4a26989bd	SAMN25346048				BioSample	SAMN25346048_BioSample	synonym
e024b0d4-50e0-505c-8c23-d239f0576e2c	4af3653a-a54a-545f-8b38-15aa439ec530		3854787				dbGaP	3854787_dbGaP	synonym
e0a45b1d-45db-512d-9d81-f7a4fec57f6a		ab20f9ff-41a2-5af2-96b6-4d7365eed305	SAMN25345809				BioSample	SAMN25345809_BioSample	synonym
e0ccf61a-5b36-555d-9d34-6aaacc777986		5ddce6ae-8004-58f0-8227-4073e893425a	SAMN25345926				BioSample	SAMN25345926_BioSample	synonym
e0d4fa58-48be-5f4a-ad4b-d5fe7a4dbecd		b717f51d-03be-54d3-a7b3-12c9f2cf319a	SAMN25345977				BioSample	SAMN25345977_BioSample	synonym
e0e7da08-34a0-592b-9140-bfad17729b22		76c10fa9-0262-5ae7-95dd-e228562f2dde	SAMN25345812				BioSample	SAMN25345812_BioSample	synonym
e10e8d71-f7b2-5f95-b169-fa9285f31bc7	3b115fc6-f315-5a50-98e1-d0ceca45ae79		3854907				dbGaP	3854907_dbGaP	synonym
e1faa136-8487-5767-81e2-d5207dc7925c		5137e44f-8eb6-51e8-aa43-3a2820eca04a	SAMN25345987				BioSample	SAMN25345987_BioSample	synonym
e2b995e5-2efc-5c93-b8f4-a88a9f242bcf		c04759f4-573a-565c-a023-6118d7fed917	SAMN25345880				BioSample	SAMN25345880_BioSample	synonym
e3813aa5-9800-578b-ab20-cdbc1af33bcc	8d673bea-47fd-5518-b3da-06a217e2b292		1358574				dbGaP	1358574_dbGaP	synonym
e38dea2e-59d3-5c0f-b1ca-f87784c05009		d4871a86-e81c-521a-9acd-e577d813ab93	SAMN25346081				BioSample	SAMN25346081_BioSample	synonym
e3b0d097-7f42-545a-8d1a-b88d05982706		60a1c775-6b72-5f64-a72f-24a6a98ba74d	SAMN25345905				BioSample	SAMN25345905_BioSample	synonym
e40a82ce-f644-5870-a333-228788542e22	8c4af880-a91a-54b1-a769-7c6b560a6633		3854829				dbGaP	3854829_dbGaP	synonym
e5a20e1a-fe83-5ef3-877a-fd4a651635c1		19eb461b-6ca0-59d5-9502-a6bd6ed8f2c6	SAMN25345963				BioSample	SAMN25345963_BioSample	synonym
e5a2c077-c681-5415-9bb7-db06bf225bd4	d3a6dbc3-2a0e-57b7-bba5-a091b5cbf2c9		3854789				dbGaP	3854789_dbGaP	synonym
e6206aa5-f5aa-5cb8-8b5b-31c3d7f9d327		c225520b-0828-57e5-a17b-7e7776baeed8	SAMN25345854				BioSample	SAMN25345854_BioSample	synonym
e62201d0-7e3f-5a03-be05-c35b0ff0be4a		898f1ced-d29b-51b9-bf1b-47d922927f8c	SAMN25346029				BioSample	SAMN25346029_BioSample	synonym
e625f3af-fe97-5f90-baae-38202f1d4907		ad72aa26-16d5-5fa2-bd74-8be8e5dc9160	SAMN25345856				BioSample	SAMN25345856_BioSample	synonym
e65aeefa-b324-587b-ace3-2fed55e67d1c	91eff293-b04b-5fec-991b-a7a0625486b5		3854861				dbGaP	3854861_dbGaP	synonym
e693f8ec-0b73-51cf-a724-46143091ec41		5200387c-3829-5a11-94c7-199d9cc02581	SAMN25345792				BioSample	SAMN25345792_BioSample	synonym
e6eb1b8f-3eb6-580f-b734-d6501d1c0818		be02e375-e098-5804-9d67-6490cea26a02	SAMN25345858				BioSample	SAMN25345858_BioSample	synonym
e8adae19-9f35-51e3-837a-0d4f43bab618		260dd972-64c1-546d-8390-15de3f89dd8c	SAMN25345984				BioSample	SAMN25345984_BioSample	synonym
e8bf0305-a36c-5a78-b310-db215d9e0f55		63e618cd-e46d-515f-8435-2348da58bb16	SAMN25346063				BioSample	SAMN25346063_BioSample	synonym
e8ff054c-f663-5845-964c-0af0389d2bd6		5b61f188-b412-5f57-893f-aed5556daa95	SAMN25345788				BioSample	SAMN25345788_BioSample	synonym
e9815e78-dd14-5619-92f2-e6a18129bcd3		93f9460e-9240-573e-aecc-c006f79759bc	SAMN25346044				BioSample	SAMN25346044_BioSample	synonym
e9c644ef-e8c3-5654-a2d9-02fabe24097a		8d17cb7b-5610-519c-a2d2-ac300fafdd38	SAMN25345794				BioSample	SAMN25345794_BioSample	synonym
ea0e61de-022a-5db7-896e-fced59e9969e		b623b7dc-5048-5616-9d09-ef4b4dc712f6	SAMN25346012				BioSample	SAMN25346012_BioSample	synonym
eac54f67-875b-5555-b466-39dbe15b7a71		0306a859-2c3d-5816-bc40-3f39614b849e	SAMN25345992				BioSample	SAMN25345992_BioSample	synonym
eb55bd45-7aa5-5dd7-add4-7c86324d5360		a5f9ff1d-d21d-5db7-b846-878dcf23ea69	SAMN25345819				BioSample	SAMN25345819_BioSample	synonym
ec14bc75-b4b9-56cd-94db-6d2707091cf8	d7c0ba09-a3eb-5fa3-9154-971e9c9ecb96		3854872				dbGaP	3854872_dbGaP	synonym
ec639036-080a-552c-ae46-7bd24a37eb40		4d1611be-9441-5dbb-852c-3d99bb896476	SAMN25345893				BioSample	SAMN25345893_BioSample	synonym
ec77e294-73ef-5ea2-9561-96e522625851		79f946fb-1491-5e81-bf41-dc3973d324f7	SAMN25345789				BioSample	SAMN25345789_BioSample	synonym
ecb092be-d105-5d21-a941-156c2eb65af1	10f36648-56a7-5f60-8289-978379e76934		3854891				dbGaP	3854891_dbGaP	synonym
ed457801-e310-54c4-b807-8a90c7613677	0d928cf8-2c55-50cc-99b0-2249b4655e49		3854775				dbGaP	3854775_dbGaP	synonym
ed8d6865-6d90-5e6c-8f4e-da56edbc3dab	48f7c2e6-7926-5563-9644-a5b6c42602c5		3854817				dbGaP	3854817_dbGaP	synonym
ee8d8db8-e577-58f9-9845-fd0cbe192860		224babda-d7a2-52fc-ad81-267a8d5c9871	SAMN25345797				BioSample	SAMN25345797_BioSample	synonym
efeccca9-b015-5f28-a006-0488786db5d5	f120834e-48d9-549e-adb0-3136ad1b6dcd		3854857				dbGaP	3854857_dbGaP	synonym
f0d9e09c-4d89-5c21-8bef-2752cc5eacad		6677962b-48fa-5412-8328-047824c5f090	SAMN25345862				BioSample	SAMN25345862_BioSample	synonym
f13ac479-0f65-5db0-8d2e-ae35c098854a	cfef3a52-0f45-5643-ac07-3108a8e9ad7f		3854866				dbGaP	3854866_dbGaP	synonym
f17f82c5-d44b-52d0-9c43-1cc993a1a2f1		2c153627-56f1-57f0-9240-0d48f6e39c4f	SAMN25346036				BioSample	SAMN25346036_BioSample	synonym
f1d5ec2a-dbc1-5610-afae-9fb94bcd3cc8		6cf4b1c5-98f9-5582-b058-9134eb8d9d7a	SAMN25346051				BioSample	SAMN25346051_BioSample	synonym
f1f583a3-c156-5769-8978-8e0bf34a5ed8		947a6494-aa34-5dcd-bcce-122a8ef3c16a	SAMN25345850				BioSample	SAMN25345850_BioSample	synonym
f2da9fba-90e1-58a5-8c65-1e3655fc69ec	375b9173-0b51-558c-9f5b-9f897036000f		3854821				dbGaP	3854821_dbGaP	synonym
f3781986-6daa-567a-bebd-ca0a884ef94f		0bf73fef-4721-5b6c-91a9-33eee991437a	SAMN25346075				BioSample	SAMN25346075_BioSample	synonym
f3e0e10f-fd9a-5226-960d-771eed2095af	a087c554-31f7-5250-9019-b4a004e2992f		3854921				dbGaP	3854921_dbGaP	synonym
f40c532c-d2aa-56ca-a5d3-48516f61998b		8b160d4d-ea76-5266-b7fe-36d8a0641edc	SAMN25345922				BioSample	SAMN25345922_BioSample	synonym
f4442ef9-c938-555a-9e87-0702b0a93c99		285502c2-585d-567f-90a5-0ef082859377	SAMN25345851				BioSample	SAMN25345851_BioSample	synonym
f4f315d6-b4e4-5603-a303-f9b448c9e510		78299fc9-7b63-5710-9ad5-467cdcb223d4	SAMN25345936				BioSample	SAMN25345936_BioSample	synonym
f516a498-9c55-5be4-b2ca-26c631fe8d01		3968c9da-0af2-5ee8-b726-0b48ffeb2594	SAMN25345873				BioSample	SAMN25345873_BioSample	synonym
f63bed31-26f0-5539-8484-85c5453fff4b		f71613b1-8a24-5adf-9050-3bb85fa41384	SAMN25345943				BioSample	SAMN25345943_BioSample	synonym
f709c669-5ff9-5766-af4c-bb9bd7188cb5		8136e6fe-8ce9-5947-8993-ae1d58421c54	SAMN25346043				BioSample	SAMN25346043_BioSample	synonym
f80ef798-6e3c-5c52-95b4-533e4e847480		6e639943-6309-5279-807a-9225aef9db0a	SAMN25346021				BioSample	SAMN25346021_BioSample	synonym
f91c1d6a-4093-50e9-998c-a442d3e88f04	c468a741-e5ee-5b2f-9945-658526d799dd		3854835				dbGaP	3854835_dbGaP	synonym
f9d1a4c2-6eca-5d7e-bf33-f31ca465124a		45b90a30-5560-5c47-8fca-3503aa274cf8	SAMN25346085				BioSample	SAMN25346085_BioSample	synonym
fa7a30ff-c391-572a-9ee5-b2ae88e935e6		993c47dd-fdf1-54e6-a255-3d15a0ef4cfd	SAMN25345907				BioSample	SAMN25345907_BioSample	synonym
fafef8ec-7d7b-50b2-a01f-84a37237b3bd	db07c45e-1aae-5f4a-8339-cc81f0c580ad		3854836				dbGaP	3854836_dbGaP	synonym
fb24fb3e-685e-5687-86b3-c85867e74792		8b51d103-3208-539d-b5f6-2a6cf0492f57	SAMN25345979				BioSample	SAMN25345979_BioSample	synonym
fb81bc21-7ba5-56aa-8850-afdc6b61f77d		2ec97e8f-d681-5121-aa15-02d7325f02da	SAMN25345883				BioSample	SAMN25345883_BioSample	synonym
fb9612a9-e285-5c2b-b185-b1ad273c96f1		49d39dce-a92b-53e0-8b12-a0ba16e79da8	SAMN25345882				BioSample	SAMN25345882_BioSample	synonym
fb9c24b9-fe35-50f4-ab1a-0f5469f8248a		90f87f3d-4a06-5109-a325-157c7306fc8f	SAMN25345842				BioSample	SAMN25345842_BioSample	synonym
fd333b75-0e6a-59a5-a075-5f6b619f8740		9feebf38-07c1-5824-81c9-0f8d6ad928f0	SAMN25346056				BioSample	SAMN25346056_BioSample	synonym
fd5c54b9-cfff-5927-bfe2-728363ce608a		5a12e6b4-fd5c-58bf-8091-d39e6220cc4d	SAMN25345971				BioSample	SAMN25345971_BioSample	synonym
fe67e16c-b2d5-5940-a99b-790cf0d50290		d922bec8-6bfb-524c-b795-bda38615648e	SAMN25345879				BioSample	SAMN25345879_BioSample	synonym
ff0a1ec6-04f2-5f49-9d97-89b718011fd8		d256766c-b10a-5e86-81b5-26a8b67994bc	SAMN25345876				BioSample	SAMN25345876_BioSample	synonym
ff0acb86-be79-5e86-ae70-26dfc7f7a44d		30eece1c-b9f1-51ed-ba52-76ff2a50dbd4	SAMN25346016				BioSample	SAMN25346016_BioSample	synonym
ffe2626f-bb20-505c-a160-1cb8ac33becb		c1bfe7ee-7c5f-5eed-8bc0-6db695736e81	SAMN25346074				BioSample	SAMN25346074_BioSample	synonym
